{"cameraMode":{"drawMode":0,"name":"Shaded","section":"Shading Mode"},"sceneLighting":false,"audioPlay":false,"sceneViewState":{"showFog":true,"showMaterialUpdate":false,"showSkybox":true,"showFlares":true,"showImageEffects":true,"showParticleSystems":true},"in2DMode":false,"pivot":{"x":-428.28533935546877,"y":1070.5040283203125,"z":-1713.0068359375},"rotation":{"x":0.33408108353614809,"y":-0.3889862596988678,"z":-0.1538221836090088,"w":-0.8446409106254578},"size":114.31536102294922,"orthographic":false}