{"cameraMode":{"drawMode":0,"name":"Shaded","section":"Shading Mode"},"sceneLighting":false,"audioPlay":false,"sceneViewState":{"showFog":true,"showMaterialUpdate":false,"showSkybox":true,"showFlares":true,"showImageEffects":true,"showParticleSystems":true},"in2DMode":false,"pivot":{"x":-447.2415466308594,"y":1406.992431640625,"z":-129.15826416015626},"rotation":{"x":-0.6104465126991272,"y":-0.3718440532684326,"z":-0.3918907642364502,"w":0.5792311429977417},"size":1380.0526123046875,"orthographic":false}