{"cameraMode":{"drawMode":0,"name":"Shaded","section":"Shading Mode"},"sceneLighting":false,"audioPlay":false,"sceneViewState":{"showFog":true,"showMaterialUpdate":false,"showSkybox":true,"showFlares":true,"showImageEffects":true,"showParticleSystems":true},"in2DMode":false,"pivot":{"x":-292.3542785644531,"y":-47.84339904785156,"z":-110.21910858154297},"rotation":{"x":-0.093385711312294,"y":0.7424221038818359,"z":-0.10543520003557205,"w":-0.6550401449203491},"size":319.6650085449219,"orthographic":false}