{"cameraMode":{"drawMode":0,"name":"Shaded","section":"Shading Mode"},"sceneLighting":false,"audioPlay":false,"sceneViewState":{"showFog":true,"showMaterialUpdate":false,"showSkybox":true,"showFlares":true,"showImageEffects":true,"showParticleSystems":true},"in2DMode":false,"pivot":{"x":-438.3255615234375,"y":1238.4033203125,"z":72.5126953125},"rotation":{"x":0.5610688924789429,"y":0.12580852210521699,"z":-0.08680875599384308,"w":0.8135343790054321},"size":579.1282958984375,"orthographic":false}