{"cameraMode":{"drawMode":0,"name":"Shaded","section":"Shading Mode"},"sceneLighting":false,"audioPlay":false,"sceneViewState":{"showFog":true,"showMaterialUpdate":false,"showSkybox":true,"showFlares":true,"showImageEffects":true,"showParticleSystems":true},"in2DMode":false,"pivot":{"x":-320.0,"y":81.33535766601563,"z":-69.19999694824219},"rotation":{"x":0.043796394020318988,"y":0.6936400532722473,"z":0.04268680140376091,"w":-0.7177913784980774},"size":319.6650085449219,"orthographic":false}