{"cameraMode":{"drawMode":0,"name":"Shaded","section":"Shading Mode"},"sceneLighting":true,"audioPlay":false,"sceneViewState":{"showFog":true,"showMaterialUpdate":false,"showSkybox":true,"showFlares":true,"showImageEffects":true,"showParticleSystems":true},"in2DMode":false,"pivot":{"x":504.03668212890627,"y":129.95562744140626,"z":-98.96208190917969},"rotation":{"x":0.19082432985305787,"y":-0.4886198937892914,"z":0.11045127362012863,"w":0.8441864252090454},"size":223.03790283203126,"orthographic":false}