{"cameraMode":{"drawMode":0,"name":"Shaded","section":"Shading Mode"},"sceneLighting":true,"audioPlay":false,"sceneViewState":{"showFog":true,"showMaterialUpdate":false,"showSkybox":true,"showFlares":true,"showImageEffects":true,"showParticleSystems":true},"in2DMode":false,"pivot":{"x":-365.6664733886719,"y":612.9891357421875,"z":-320.7017517089844},"rotation":{"x":0.030041584745049478,"y":0.7976419925689697,"z":-0.6010593771934509,"w":0.03990466520190239},"size":1091.6634521484375,"orthographic":false}