{"cameraMode":{"drawMode":0,"name":"Shaded","section":"Shading Mode"},"sceneLighting":true,"audioPlay":false,"sceneViewState":{"showFog":true,"showMaterialUpdate":false,"showSkybox":true,"showFlares":true,"showImageEffects":true,"showParticleSystems":true},"in2DMode":false,"pivot":{"x":-99.76000213623047,"y":16.889999389648439,"z":6.369999885559082},"rotation":{"x":0.08640412241220474,"y":0.5870770812034607,"z":-0.06321580708026886,"w":0.8024204969406128},"size":50.856414794921878,"orthographic":false}