{"cameraMode":{"drawMode":0,"name":"Shaded","section":"Shading Mode"},"sceneLighting":true,"audioPlay":false,"sceneViewState":{"showFog":true,"showMaterialUpdate":false,"showSkybox":true,"showFlares":true,"showImageEffects":true,"showParticleSystems":true},"in2DMode":false,"pivot":{"x":113.58499908447266,"y":5.900000095367432,"z":-75.0},"rotation":{"x":0.02242925390601158,"y":-0.05941573530435562,"z":-0.0013092922745272518,"w":-0.9979804754257202},"size":0.46930432319641116,"orthographic":false}